,a,c,g,t,deletion,insertion,N,pos,TotalReads,MajNt,ref,transition.maj,transition.ref,pi,mutFreq,trasitionmutFreq,WTAA,MUTAA,TypeOfSite,makesCpG
1,12,38,184,69766,0,0,0,95,70000,t,t,c,c,0.006667306,0.003342857,0.000542857,0,0,syn,0
2,69953,8,21,19,0,0,0,96,70001,a,a,g,g,0.001370762,0.000685704,0.000299996,0,0,syn,0
3,11,69947,1,43,0,0,0,97,70002,c,c,t,t,0.001570364,0.000785692,0.000614268,P,S,nonsyn,0
4,12,69924,6,61,0,0,0,98,70003,c,c,t,t,0.002254977,0.001128523,0.000871391,P,L,nonsyn,0
6,32,2,69957,14,0,0,0,100,70005,g,g,a,a,0.001370611,0.000685665,0.00045711,A,T,nonsyn,0
7,9,69960,0,35,2,0,0,101,70004,c,c,t,t,0.001256409,0.000628536,0.000499971,A,V,nonsyn,0
8,8,25,1,69903,70,0,0,102,69937,t,a,c,g,0.000971926,0.000486152,1.43E-05,A,A,syn,0
10,48,4,69935,21,1,0,0,104,70008,g,g,a,a,0.002083825,0.001042738,0.000685636,W,*,nonsense,0
11,30,3,69967,8,2,0,0,105,70008,g,g,a,a,0.001170753,0.000585647,0.000428522,W,*,nonsense,0
12,69903,2,23,12,71,0,0,106,69940,a,a,g,g,0.001057631,0.000529025,0.000328853,R,G,nonsyn,0
13,109,0,69891,6,6,0,0,107,70006,g,a,a,g,0.003280303,0.001642716,0.998357284,R,K,nonsyn,0
14,37,5,69954,14,3,0,0,108,70010,g,g,a,a,0.001598807,0.000799886,0.000528496,R,R,syn,0
15,69945,4,48,12,5,0,0,109,70009,a,a,g,g,0.001826998,0.000914168,0.000685626,N,D,nonsyn,0
16,69990,5,14,2,4,0,0,110,70011,a,a,g,g,0.00059977,0.000299953,0.000199969,N,S,nonsyn,0
18,43,8,69934,7,25,0,0,112,69992,g,g,a,a,0.001656245,0.000828666,0.000614356,A,T,nonsyn,0
19,6,69936,3,38,35,0,0,113,69983,c,c,t,t,0.001342428,0.000671592,0.000542989,A,V,nonsyn,0
20,64,7,69895,21,32,0,0,114,69987,g,g,a,a,0.002626395,0.00131453,0.000914456,A,A,syn,0
21,69917,71,8,24,0,0,0,115,70020,a,a,g,g,0.002938694,0.001471008,0.000114253,T,A,nonsyn,0
22,2,69933,7,76,3,0,0,116,70018,c,c,t,t,0.002425284,0.001213974,0.001085435,T,I,nonsyn,0
24,69864,26,118,15,0,0,0,118,70023,a,a,g,g,0.004533185,0.002270682,0.001685161,I,V,nonsyn,0
25,18,134,5,69860,7,0,0,119,70017,t,t,c,c,0.004475863,0.002242313,0.001913821,I,T,nonsyn,0
26,32,207,4,69782,0,0,0,120,70025,t,t,c,c,0.006919386,0.003470189,0.002956087,I,I,syn,0
27,30,69929,0,52,15,0,0,121,70011,c,c,t,t,0.002340382,0.001171245,0.00074274,P,S,nonsyn,0
28,109,69855,5,58,0,0,0,122,70027,c,c,t,t,0.004903244,0.002456195,0.000828252,P,L,nonsyn,0
29,84,69810,1,133,0,0,0,123,70028,c,c,t,t,0.006211344,0.00311304,0.00189924,P,P,syn,0
30,69,69925,0,34,1,0,0,124,70028,c,c,t,t,0.002938311,0.00147084,0.00048552,L,F,nonsyn,0
31,25,160,4,69836,5,0,0,125,70025,t,t,c,c,0.005385436,0.002699036,0.002284898,L,P,nonsyn,0
32,50,69901,0,80,0,0,0,126,70031,c,c,t,t,0.003707381,0.001856321,0.001142351,L,L,syn,0
33,24,161,4,69843,0,0,0,127,70032,t,t,c,c,0.005384843,0.002698766,0.002298949,F,L,nonsyn,0
34,15,98,13,69905,2,0,0,128,70031,t,t,c,c,0.003593131,0.001799203,0.00139938,F,S,nonsyn,0
35,13,69954,5,60,2,0,0,129,70032,c,c,t,t,0.002225539,0.001113777,0.000856751,F,F,syn,0
37,71,30,69928,7,0,0,0,131,70036,g,g,a,a,0.003080529,0.001542064,0.001013764,C,Y,nonsyn,0
39,105,4,69922,7,0,0,0,133,70038,g,g,a,a,0.003307484,0.001656244,0.001499186,A,T,nonsyn,0
40,42,69921,11,60,5,0,0,134,70034,c,c,t,t,0.003223282,0.001613502,0.000856727,A,V,nonsyn,0
42,69797,2,173,30,0,0,0,136,70002,a,a,g,g,0.005842107,0.002928488,0.002471358,T,A,nonsyn,0
43,7,69933,6,39,6,0,0,137,69985,c,c,t,t,0.001485153,0.000743016,0.000557262,T,I,nonsyn,0
44,32,69906,1,50,0,0,0,138,69989,c,c,t,t,0.002369675,0.001185901,0.000714398,T,T,syn,0
46,69718,8,128,15,1,0,0,140,69869,a,a,g,g,0.004314289,0.002161187,0.001832,K,R,nonsyn,0
47,56,3,69866,18,0,0,0,141,69943,g,g,a,a,0.002199872,0.001100896,0.000800652,K,K,syn,0
48,69746,9,197,20,2,0,0,142,69972,a,a,g,g,0.00644127,0.003229863,0.002815412,N,D,nonsyn,0
49,69764,23,187,17,0,0,0,143,69991,a,a,g,g,0.006468724,0.003243274,0.002671772,N,S,nonsyn,0
50,7,78,8,69872,0,0,0,144,69965,t,t,c,c,0.002655439,0.001329236,0.001114843,N,N,syn,0
51,69801,32,126,27,0,0,0,145,69986,a,a,g,g,0.005276185,0.002643386,0.00180036,R,G,nonsyn,0
52,86,3,69861,27,11,0,0,146,69977,g,g,a,a,0.003310966,0.001657688,0.001228975,R,K,nonsyn,0
53,38,3,69926,22,1,0,0,147,69989,g,g,a,a,0.001799077,0.000900141,0.000542942,R,R,syn,0
54,85,5,69887,9,0,0,0,148,69986,g,g,a,a,0.00282564,0.001414569,0.001214529,D,N,nonsyn,0
55,69701,4,250,32,1,0,0,149,69987,a,a,g,g,0.008143275,0.004086473,0.003572092,D,G,nonsyn,0
56,16,71,0,69889,0,0,0,150,69976,t,t,c,c,0.002483939,0.001243283,0.001014634,D,D,syn,0
57,69838,2,123,22,0,0,0,151,69985,a,a,g,g,0.0041933,0.00210045,0.001757519,T,A,nonsyn,0
58,4,69932,5,53,1,0,0,152,69994,c,c,t,t,0.001770214,0.00088579,0.000757208,T,I,nonsyn,0
59,24,108,8,69834,2,0,0,153,69974,t,t,c,c,0.00399497,0.002000743,0.00154343,T,T,syn,0
61,460,4,69455,15,55,0,0,155,69934,g,g,a,a,0.013608403,0.006849315,0.00657763,W,*,nonsense,0
62,226,1,69711,23,1,0,0,156,69961,g,g,a,a,0.007123526,0.003573419,0.003230371,W,*,nonsense,0
63,122,7,69827,19,0,0,0,157,69975,g,g,a,a,0.004222485,0.002115041,0.00174348,G,R,nonsyn,0
64,62,5,69894,16,0,0,0,158,69977,g,g,a,a,0.002369959,0.001186104,0.000886005,G,E,nonsyn,0
65,69722,3,204,47,9,0,0,159,69976,a,a,g,g,0.007237504,0.003629816,0.002915285,G,G,syn,0
66,69714,32,199,33,0,0,0,160,69978,a,a,g,g,0.007522477,0.003772614,0.002843751,T,A,nonsyn,0
67,7,69911,4,72,2,0,0,161,69994,c,c,t,t,0.002369154,0.001185816,0.00102866,T,I,nonsyn,0
69,69763,7,194,25,0,0,0,163,69989,a,a,g,g,0.00643991,0.003229079,0.002771864,T,A,nonsyn,0
70,6,69920,6,54,0,0,0,164,69986,c,c,t,t,0.001884592,0.000943046,0.000771583,T,I,nonsyn,0
71,37,146,3,69801,0,0,0,165,69987,t,t,c,c,0.005303577,0.002657636,0.002086102,T,T,syn,0
72,12,69893,6,81,1,0,0,166,69992,c,c,t,t,0.002825518,0.001414447,0.001157275,Q,*,nonsense,0
74,43,4,69884,5,1,0,0,168,69936,g,g,a,a,0.001486135,0.000743537,0.000614848,Q,Q,syn,0
76,60,2,69884,13,0,0,0,170,69959,g,g,a,a,0.002142193,0.001072056,0.000857645,C,Y,nonsyn,0
77,20,69762,4,99,0,0,0,171,69885,c,c,t,t,0.003514879,0.001760034,0.001416613,C,C,syn,0
78,13,69737,2,79,3,0,0,172,69831,c,t,t,c,0.002689087,0.001346107,0.998653893,L,L,syn,0
79,41,112,7,69713,0,0,0,173,69873,t,t,c,c,0.00457157,0.002289869,0.001602908,L,P,nonsyn,0
80,69714,5,150,32,13,0,0,174,69901,a,g,g,a,0.005338448,0.002675212,0.997324788,L,L,syn,0
81,10,69870,8,112,0,0,0,175,70000,c,c,t,t,0.003708243,0.001857143,0.0016,P,S,nonsyn,0
82,54,69871,4,72,0,0,0,176,70001,c,c,t,t,0.003709127,0.001857116,0.001028557,P,L,nonsyn,0
84,38,2,69945,13,2,0,0,178,69998,g,g,a,a,0.001513426,0.000757164,0.000542873,D,N,nonsyn,0
85,69819,9,136,28,0,0,0,179,69992,a,a,g,g,0.004933361,0.002471711,0.001943079,D,G,nonsyn,0
86,7,73,3,69904,2,0,0,180,69987,t,t,c,c,0.002369363,0.001185935,0.001043051,D,D,syn,0
87,69864,3,78,11,16,0,0,181,69956,a,a,g,g,0.002627225,0.001315112,0.001114987,N,D,nonsyn,0
88,69817,5,110,45,0,0,0,182,69977,a,a,g,g,0.004564814,0.002286466,0.001571945,N,S,nonsyn,0
90,104,0,69847,29,2,0,0,184,69980,g,g,a,a,0.003795094,0.001900543,0.001486139,G,S,nonsyn,0
91,96,2,69867,21,0,0,0,185,69986,g,g,a,a,0.003395817,0.00170034,0.001371703,G,D,nonsyn,0
93,114,6,69836,16,1,0,0,187,69972,g,g,a,a,0.003880777,0.001943635,0.001629223,D,N,nonsyn,0
94,69757,13,169,49,0,0,0,188,69988,a,a,g,g,0.006583882,0.003300566,0.0024147,D,G,nonsyn,0
95,12,86,6,69862,19,0,0,189,69966,t,t,c,c,0.002969115,0.001486436,0.001229168,D,D,syn,0
96,17,64,3,69900,0,0,0,190,69984,t,t,c,c,0.002398211,0.001200274,0.000914495,Y,H,nonsyn,0
97,69861,4,106,17,5,0,0,191,69988,a,a,g,g,0.003623545,0.001814597,0.001514545,Y,C,nonsyn,0
98,15,153,8,69797,1,0,0,192,69973,t,t,c,c,0.005019345,0.002515256,0.002186558,Y,Y,syn,0
99,46,142,3,69785,0,0,0,193,69976,t,t,c,c,0.005447012,0.002729507,0.002029267,S,P,nonsyn,0
100,7,69925,4,53,0,0,0,194,69989,c,c,t,t,0.001827436,0.000914429,0.000757262,S,L,nonsyn,0
102,64,0,69910,11,2,0,0,196,69985,g,g,a,a,0.002141307,0.001071658,0.000914482,E,K,nonsyn,0
103,69835,4,134,12,0,0,0,197,69985,a,a,g,g,0.00427834,0.002143316,0.001914696,E,G,nonsyn,0
104,69785,2,178,24,0,0,0,198,69989,a,a,g,g,0.005814405,0.002914744,0.002543257,E,E,syn,0
105,12,126,2,69826,0,0,0,199,69966,t,t,c,c,0.003994667,0.002000972,0.001800875,L,L,syn,0
107,270,6,69682,5,4,0,0,201,69963,g,g,a,a,0.00800178,0.004016409,0.003859183,L,L,syn,0
108,52,5,69909,11,0,0,0,202,69977,g,g,a,a,0.001941969,0.000971748,0.000743101,A,T,nonsyn,0
109,11,69893,4,61,0,0,0,203,69969,c,c,t,t,0.002170423,0.001086195,0.000871815,A,V,nonsyn,0
110,49,69830,4,39,0,0,0,204,69922,c,c,t,t,0.002628967,0.001315752,0.000557764,A,A,syn,0
111,133,69639,3,54,9,0,0,205,69829,c,a,t,g,0.005430234,0.002720933,4.30E-05,L,F,nonsyn,0
112,26,89,9,69762,0,0,0,206,69886,t,t,c,c,0.003543711,0.001774318,0.001273503,L,P,nonsyn,0
113,11,123,5,69799,17,0,0,207,69938,t,a,c,g,0.003967876,0.001987475,7.15E-05,L,L,syn,0
114,69845,7,113,29,0,0,0,208,69994,a,a,g,g,0.004250188,0.002128754,0.001614424,N,D,nonsyn,0
115,69811,61,105,15,0,0,0,209,69992,a,a,g,g,0.005162276,0.00258601,0.001500171,N,S,nonsyn,0
117,70,4,69908,3,0,0,0,211,69985,g,g,a,a,0.002198255,0.001100236,0.001000214,V,I,nonsyn,0
118,37,128,8,69785,7,0,0,212,69958,t,t,c,c,0.004936069,0.002472912,0.001829669,V,A,nonsyn,0
119,108,87,3,69772,0,0,0,213,69970,t,t,c,c,0.00564763,0.002829784,0.00124339,V,V,syn,0
120,69834,2,104,32,4,0,0,214,69972,a,a,g,g,0.003938126,0.001972217,0.001486309,T,A,nonsyn,0
121,16,69765,10,164,0,0,0,215,69955,c,c,t,t,0.005419118,0.002716032,0.002344364,T,I,nonsyn,0
123,45,8,69910,11,2,0,0,217,69974,g,g,a,a,0.001827963,0.000914625,0.000643096,E,K,nonsyn,0
124,69800,7,148,19,11,0,0,218,69974,a,a,g,g,0.004962535,0.002486638,0.002115071,E,G,nonsyn,0
125,69724,4,228,21,0,0,0,219,69977,a,a,g,g,0.007207166,0.003615474,0.003258213,E,E,syn,0
126,69701,5,268,10,0,0,0,220,69984,a,a,g,g,0.008056521,0.004043781,0.003829447,S,G,nonsyn,0
127,104,2,69863,4,0,0,0,221,69973,g,g,a,a,0.003139385,0.001572035,0.001486288,S,N,nonsyn,0
128,90,69803,1,70,12,0,0,222,69964,c,a,t,g,0.004594415,0.002301183,1.43E-05,S,S,syn,0
129,13,148,8,69790,0,0,0,223,69959,t,t,c,c,0.004821043,0.002415701,0.002115525,F,L,nonsyn,0
130,13,127,4,69820,0,0,0,224,69964,t,t,c,c,0.004108834,0.002058201,0.001815219,F,S,nonsyn,0
132,68,2,69901,6,0,0,0,226,69977,g,g,a,a,0.00217001,0.001086071,0.000971748,D,N,nonsyn,0
133,69747,6,192,28,0,0,0,227,69973,a,a,g,g,0.006441506,0.003229817,0.002743916,D,G,nonsyn,0
135,58,4,69866,9,0,0,0,229,69937,g,g,a,a,0.002028661,0.001015199,0.000829318,A,T,nonsyn,0
136,36,69841,2,48,6,0,0,230,69927,c,c,t,t,0.002457458,0.001229854,0.00068643,A,V,nonsyn,0
137,19,104,10,69423,1,0,0,231,69556,t,c,c,t,0.00381827,0.001912128,0.998087872,A,A,syn,0
139,455,4,69099,10,0,0,0,233,69568,g,g,a,a,0.013394961,0.006741605,0.006540363,W,*,nonsense,0
140,56,4,69484,13,1,0,0,234,69557,g,g,a,a,0.00209721,0.001049499,0.000805095,W,*,nonsense,0
141,29,2,69494,9,11,0,0,235,69534,g,a,a,g,0.001149994,0.000575258,0.999424742,E,K,nonsyn,0
142,69330,12,176,42,0,0,0,236,69560,a,a,g,g,0.006595267,0.003306498,0.00253019,E,G,nonsyn,0
143,254,1,69299,9,1,0,0,237,69563,g,c,a,t,0.00756249,0.003795121,0.000129379,E,E,syn,0
144,69559,4,201,26,0,0,0,238,69790,a,a,g,g,0.006600467,0.00330993,0.002880069,N,D,nonsyn,0
145,69633,5,163,23,0,0,0,239,69824,a,a,g,g,0.005457852,0.002735449,0.002334441,N,S,nonsyn,0
146,18,90,4,69725,0,0,0,240,69837,t,t,c,c,0.003203166,0.001603734,0.001288715,N,N,syn,0
147,69710,5,133,24,0,0,0,241,69872,a,a,g,g,0.004627929,0.002318525,0.001903481,T,A,nonsyn,0
148,13,69762,4,68,0,0,0,242,69847,c,c,t,t,0.002431425,0.001216946,0.000973556,T,I,nonsyn,0
150,109,3,69728,4,0,0,0,244,69844,g,g,a,a,0.003316489,0.001660844,0.001560621,V,I,nonsyn,0
151,40,152,12,69656,0,0,0,245,69860,t,t,c,c,0.005826633,0.002920126,0.00217578,V,A,nonsyn,0
152,8,69753,5,74,9,0,0,246,69840,c,c,t,t,0.002488716,0.001245704,0.001059565,V,V,syn,0
154,3,69755,18,45,0,0,0,248,69821,c,c,t,t,0.001889171,0.000945274,0.000644505,T,I,nonsyn,0
156,36,3,69744,8,1,0,0,250,69791,g,g,a,a,0.001346144,0.000673439,0.000515826,E,K,nonsyn,0
157,69566,4,182,24,0,0,0,251,69776,a,a,g,g,0.006003279,0.003009631,0.002608347,E,G,nonsyn,0
158,69607,4,160,13,0,0,0,252,69784,a,a,g,g,0.005061068,0.002536398,0.002292789,E,E,syn,0
159,12,69701,1,33,0,0,0,253,69747,c,c,t,t,0.001318365,0.000659527,0.000473139,Q,*,nonsense,0
161,71,0,69663,11,1,0,0,255,69745,g,g,a,a,0.00234898,0.001175712,0.001017994,Q,Q,syn,0
162,168,6,69549,6,0,0,0,256,69729,g,g,a,a,0.005150361,0.002581422,0.002409328,A,T,nonsyn,0
163,69,69536,1,102,3,0,0,257,69708,c,c,t,t,0.004925662,0.002467436,0.001463247,A,V,nonsyn,0
165,69518,7,179,25,1,0,0,259,69729,a,a,g,g,0.006036116,0.003026001,0.002567081,I,V,nonsyn,0
166,7,89,3,69570,1,0,0,260,69669,t,t,c,c,0.002838347,0.001421005,0.001277469,I,T,nonsyn,0
167,69439,6,101,31,2,0,0,261,69577,a,a,g,g,0.003960581,0.001983414,0.001451629,I,M,nonsyn,0
168,125,11,69379,5,2,0,0,262,69520,g,g,a,a,0.00404901,0.002028193,0.001798044,E,K,nonsyn,0
169,69142,4,278,59,3,0,0,263,69483,a,a,g,g,0.009774533,0.004907675,0.004000979,E,G,nonsyn,0
170,94,4,69355,13,2,0,0,264,69466,g,g,a,a,0.003191385,0.001597904,0.00135318,E,E,syn,0
171,104,1,69321,10,1,0,0,265,69436,g,g,a,a,0.003307395,0.001656201,0.001497782,D,N,nonsyn,0
172,69170,4,194,19,1,0,0,266,69387,a,a,g,g,0.006237098,0.003127387,0.002795913,D,G,nonsyn,0
174,155,4,68944,10,1,0,0,268,69113,g,g,a,a,0.004879508,0.002445271,0.002242704,V,I,nonsyn,0
175,20,80,6,68937,1,0,0,269,69043,t,t,c,c,0.003066759,0.001535275,0.001158698,V,A,nonsyn,0
176,68784,6,193,15,0,0,0,270,68998,a,a,g,g,0.00618558,0.003101539,0.002797183,V,V,syn,0
178,95,5,68827,8,0,0,0,272,68935,g,g,a,a,0.003129014,0.001566693,0.00137811,W,*,nonsense,0
179,315,14,68415,22,0,0,0,273,68766,g,g,a,a,0.010161353,0.005104267,0.004580752,W,*,nonsense,0
180,18,68487,3,83,0,0,0,274,68591,c,a,t,g,0.003028634,0.001516234,4.37E-05,Q,*,nonsense,0
182,68243,5,283,19,7,0,0,276,68550,a,t,g,c,0.008919783,0.004478483,7.29E-05,Q,Q,syn,0
183,5,68509,3,43,0,0,0,277,68560,c,c,t,t,0.001486794,0.000743874,0.000627188,L,F,nonsyn,0
184,25,138,3,68392,0,0,0,278,68558,t,t,c,c,0.004832566,0.002421308,0.002012894,L,P,nonsyn,0
185,49,68489,2,20,1,0,0,279,68560,c,c,t,t,0.002069509,0.001035589,0.000291715,L,L,syn,0
186,23,177,6,68312,17,0,0,280,68518,t,t,c,c,0.005997186,0.003006509,0.002583263,F,L,nonsyn,0
187,4,134,8,68373,1,0,0,281,68519,t,t,c,c,0.00425321,0.002130796,0.001955662,F,S,nonsyn,0
189,151,3,68208,12,4,0,0,283,68374,g,g,a,a,0.004844843,0.002427823,0.002208442,E,K,nonsyn,0
190,68099,4,174,39,2,0,0,284,68316,a,a,g,g,0.006335925,0.003176415,0.002546988,E,G,nonsyn,0
191,140,4,68003,21,0,0,0,285,68168,g,g,a,a,0.004830806,0.002420491,0.00205375,E,E,syn,0
192,67864,3,231,22,0,0,0,286,68120,a,a,g,g,0.007490419,0.003758074,0.003391075,T,A,nonsyn,0
193,5,68036,1,26,0,0,0,287,68068,c,c,t,t,0.000939864,0.000470118,0.000381971,T,I,nonsyn,0
194,24,67953,4,51,2,0,0,288,68032,c,c,t,t,0.002320398,0.001161218,0.000749647,T,T,syn,0
195,37,198,5,67716,7,0,0,289,67956,t,t,c,c,0.00704213,0.003531697,0.00291365,S,P,nonsyn,0
196,42,67792,6,73,3,0,0,290,67913,c,c,t,t,0.003558662,0.001781691,0.001074905,S,L,nonsyn,0
198,67678,3,104,13,0,0,0,292,67798,a,a,g,g,0.003534403,0.001769964,0.001533969,I,V,nonsyn,0
199,11,69,0,67664,0,0,0,293,67744,t,t,c,c,0.002359374,0.001180916,0.00101854,I,T,nonsyn,0
200,67457,8,216,13,17,0,0,294,67694,a,a,g,g,0.006979608,0.003501049,0.003190829,I,M,nonsyn,0
201,67500,6,165,18,0,0,0,295,67689,a,a,g,g,0.005570547,0.002792182,0.002437619,K,E,nonsyn,0
202,67358,3,279,10,0,0,0,296,67650,a,a,g,g,0.008597005,0.004316334,0.004124169,K,R,nonsyn,0
203,37,2,67295,2,0,0,0,297,67336,g,a,a,g,0.001217099,0.000608887,0.999391113,K,K,syn,0
204,7,67216,6,59,0,0,0,298,67288,c,c,t,t,0.002138122,0.001070027,0.000876828,P,S,nonsyn,0
205,25,67147,2,38,0,0,0,299,67212,c,c,t,t,0.001932784,0.000967089,0.000565375,P,L,nonsyn,0
206,18,159,4,66978,2,0,0,300,67159,t,c,c,t,0.005377249,0.002695097,0.997304903,P,P,syn,0
208,36,1,67114,10,0,0,0,302,67161,g,g,a,a,0.001398822,0.000699811,0.000536025,C,Y,nonsyn,0
210,97,2,66910,13,1,0,0,304,67022,g,g,a,a,0.00333726,0.001671093,0.001447286,V,I,nonsyn,0
211,14,96,1,66820,2,0,0,305,66931,t,t,c,c,0.003311997,0.001658424,0.001434313,V,A,nonsyn,0
212,66666,4,130,8,71,0,0,306,66808,a,a,g,g,0.004242666,0.002125494,0.001945875,V,V,syn,0
213,66677,3,135,25,0,0,0,307,66840,a,a,g,g,0.004867151,0.002438659,0.002019749,K,E,nonsyn,0
214,66637,5,164,5,0,0,0,308,66811,a,a,g,g,0.005195904,0.002604362,0.002454686,K,R,nonsyn,0
215,66581,2,121,21,0,0,0,309,66725,a,a,g,g,0.004308177,0.002158112,0.001813413,K,K,syn,0
216,14,81,5,66546,0,0,0,310,66646,t,t,c,c,0.002997152,0.001500465,0.001215377,L,L,syn,0
217,5,92,4,66474,1,0,0,311,66575,t,t,c,c,0.003029952,0.001517086,0.0013819,L,S,nonsyn,0
218,65543,2,84,12,71,0,0,312,65641,a,g,g,a,0.002982038,0.001492969,0.998507031,L,L,syn,0
219,84,94,2,65396,6,0,0,313,65576,t,a,c,g,0.005478582,0.002744907,3.05E-05,S,P,nonsyn,0
220,87,65409,2,84,0,0,0,314,65582,c,c,t,t,0.005265478,0.002637919,0.001280839,S,F,nonsyn,0
221,32,65498,0,52,0,0,0,315,65582,c,c,t,t,0.002559171,0.001280839,0.0007929,S,S,syn,0
222,28,65504,2,48,0,0,0,316,65582,c,c,t,t,0.002376568,0.001189351,0.000731908,P,S,nonsyn,0
223,87,65459,3,33,0,0,0,317,65582,c,c,t,t,0.003745497,0.001875515,0.000503187,P,L,nonsyn,0
225,14,100,1,65368,0,0,0,319,65483,t,t,c,c,0.0035069,0.001756181,0.001527114,L,L,syn,0
226,18,118,1,65346,0,0,0,320,65483,t,t,c,c,0.004176592,0.002092146,0.001801994,L,S,nonsyn,0
227,65346,26,91,20,0,0,0,321,65483,a,a,g,g,0.004177733,0.002092146,0.001389674,L,L,syn,0
229,43,2,65245,10,0,0,0,323,65300,g,g,a,a,0.001683366,0.000842266,0.000658499,C,Y,nonsyn,0
230,9,65092,4,60,0,0,0,324,65165,c,c,t,t,0.002238341,0.001120233,0.00092074,C,C,syn,0
232,10,107,5,64836,10,0,0,326,64958,t,t,c,c,0.003750003,0.001878137,0.001647218,I,T,nonsyn,0
233,12,81,4,64753,0,0,0,327,64850,t,t,c,c,0.002987683,0.001495759,0.001249036,I,I,syn,0
234,64505,1,88,9,5,0,0,328,64603,a,a,g,g,0.003029739,0.001516957,0.001362166,T,A,nonsyn,0
235,4,64384,4,47,0,0,0,329,64439,c,c,t,t,0.001705773,0.00085352,0.000729372,T,I,nonsyn,0
236,14,81,2,64092,2,0,0,330,64189,t,c,c,t,0.0030184,0.001511162,0.998488838,T,T,syn,0
237,63823,3,102,14,2,0,0,331,63942,a,a,g,g,0.003716065,0.001861062,0.001595196,M,V,nonsyn,0
239,105,1,63263,13,2,0,0,333,63382,g,g,a,a,0.003748698,0.001877505,0.001656622,M,I,nonsyn,0
240,62908,3,121,42,0,0,0,334,63074,a,a,g,g,0.005252606,0.002631829,0.001918382,R,G,nonsyn,0
241,44,1,62476,10,0,0,0,335,62531,g,g,a,a,0.001757833,0.000879564,0.000703651,R,K,nonsyn,0
242,62114,5,153,20,0,0,0,336,62292,a,a,g,g,0.005700712,0.00285751,0.002456174,R,R,syn,0
244,96,3,61676,12,0,0,0,338,61787,g,g,a,a,0.003587307,0.001796494,0.001553725,C,Y,nonsyn,0
245,3,61560,5,50,0,0,0,339,61618,c,c,t,t,0.001881013,0.000941283,0.000811451,C,C,syn,0
247,61115,0,1,0,0,0,0,341,61116,a,a,g,g,3.27E-05,1.64E-05,1.64E-05,N,S,nonsyn,0
248,0,1,0,60727,0,0,0,342,60728,t,t,c,c,3.29E-05,1.65E-05,1.65E-05,N,N,syn,0
249,60534,0,0,0,0,0,0,343,60534,a,a,g,g,0,0,0,K,E,nonsyn,0
250,60333,0,0,0,0,0,0,344,60333,a,a,g,g,0,0,0,K,R,nonsyn,0
251,2000,0,206,0,0,0,0,345,2206,a,g,g,a,0.169323094,0.093381686,0.906618314,K,K,syn,0
252,2003,0,0,0,0,0,0,346,2003,a,a,g,g,0,0,0,S,G,nonsyn,0
253,0,88,1047,0,0,0,0,347,1135,g,c,a,t,0.143043335,0.07753304,0,S,N,nonsyn,0
255,0,0,1134,0,0,0,0,349,1134,g,g,a,a,0,0,0,E,K,nonsyn,0
256,1134,0,0,0,0,0,0,350,1134,a,a,g,g,0,0,0,E,G,nonsyn,0
257,1,0,1041,92,0,0,0,351,1134,g,t,a,c,0.150712777,0.082010582,0,E,E,syn,0
258,1134,0,0,0,0,0,0,352,1134,a,a,g,g,0,0,0,T,A,nonsyn,0
259,0,1049,0,0,0,0,0,353,1049,c,c,t,t,0,0,0,T,I,nonsyn,0
261,0,0,1049,0,0,0,0,355,1049,g,g,a,a,0,0,0,D,N,nonsyn,0
262,1048,0,0,0,0,0,0,356,1048,a,a,g,g,0,0,0,D,G,nonsyn,0
263,0,0,0,1048,0,0,0,357,1048,t,t,c,c,0,0,0,D,D,syn,0
264,1048,0,0,0,0,0,0,358,1048,a,a,g,g,0,0,0,K,E,nonsyn,0
265,951,0,97,0,0,0,0,359,1048,a,g,g,a,0.167980814,0.092557252,0.907442748,K,R,nonsyn,0
266,1048,0,0,0,0,0,0,360,1048,a,a,g,g,0,0,0,K,K,syn,0
268,0,0,1045,0,0,0,0,362,1045,g,g,a,a,0,0,0,W,*,nonsense,0
269,0,0,1043,0,0,0,0,363,1043,g,g,a,a,0,0,0,W,*,nonsense,0
270,0,0,1042,0,0,0,0,364,1042,g,g,a,a,0,0,0,G,R,nonsyn,0
271,0,0,1039,0,0,0,0,365,1039,g,g,a,a,0,0,0,G,E,nonsyn,0
272,9,0,17,0,0,0,0,366,26,g,g,a,a,0.452662722,0.346153846,0.346153846,G,G,syn,0
273,0,0,0,23,0,0,0,367,23,t,t,c,c,0,0,0,L,L,syn,0
274,0,0,0,15,0,0,0,368,15,t,t,c,c,0,0,0,L,S,nonsyn,0
275,3,0,1,0,0,0,0,369,4,a,a,g,g,0.375,0.25,0.25,L,L,syn,0
276,4,0,0,0,0,0,0,370,4,a,a,g,g,0,0,0,T,A,nonsyn,0
277,0,2,0,0,0,0,0,371,2,c,c,t,t,0,0,0,T,I,nonsyn,0
279,NA,NA,NA,NA,NA,NA,NA,373,NA,n,g,NA,a,NA,NA,NA,X,X,syn,0
280,NA,NA,NA,NA,NA,NA,NA,374,NA,n,g,NA,a,NA,NA,NA,X,X,syn,0
281,NA,NA,NA,NA,NA,NA,NA,375,NA,n,g,NA,a,NA,NA,NA,X,X,syn,0
282,NA,NA,NA,NA,NA,NA,NA,376,NA,n,a,NA,g,NA,NA,NA,X,X,syn,0
283,NA,NA,NA,NA,NA,NA,NA,377,NA,n,a,NA,g,NA,NA,NA,X,X,syn,0
284,NA,NA,NA,NA,NA,NA,NA,378,NA,n,t,NA,c,NA,NA,NA,X,X,syn,0
285,NA,NA,NA,NA,NA,NA,NA,379,NA,n,g,NA,a,NA,NA,NA,X,X,syn,0
286,NA,NA,NA,NA,NA,NA,NA,380,NA,n,t,NA,c,NA,NA,NA,X,X,syn,0
287,NA,NA,NA,NA,NA,NA,NA,381,NA,n,a,NA,g,NA,NA,NA,X,X,syn,0
288,NA,NA,NA,NA,NA,NA,NA,382,NA,n,c,NA,t,NA,NA,NA,X,X,syn,0
289,NA,NA,NA,NA,NA,NA,NA,383,NA,n,c,NA,t,NA,NA,NA,X,X,syn,0
290,NA,NA,NA,NA,NA,NA,NA,384,NA,n,a,NA,g,NA,NA,NA,X,X,syn,0
291,NA,NA,NA,NA,NA,NA,NA,385,NA,n,a,NA,g,NA,NA,NA,X,X,syn,0
292,NA,NA,NA,NA,NA,NA,NA,386,NA,n,c,NA,t,NA,NA,NA,X,X,syn,0
293,NA,NA,NA,NA,NA,NA,NA,387,NA,n,a,NA,g,NA,NA,NA,X,X,syn,0
294,NA,NA,NA,NA,NA,NA,NA,388,NA,n,a,NA,g,NA,NA,NA,X,X,syn,0
295,NA,NA,NA,NA,NA,NA,NA,389,NA,n,c,NA,t,NA,NA,NA,X,X,syn,0
296,NA,NA,NA,NA,NA,NA,NA,390,NA,n,a,NA,g,NA,NA,NA,X,X,syn,0
297,NA,NA,NA,NA,NA,NA,NA,391,NA,n,a,NA,g,NA,NA,NA,X,X,syn,0
298,NA,NA,NA,NA,NA,NA,NA,392,NA,n,c,NA,t,NA,NA,NA,X,X,syn,0
299,NA,NA,NA,NA,NA,NA,NA,393,NA,n,a,NA,g,NA,NA,NA,X,X,syn,0
300,NA,NA,NA,NA,NA,NA,NA,394,NA,n,g,NA,a,NA,NA,NA,X,X,syn,0
301,NA,NA,NA,NA,NA,NA,NA,395,NA,n,c,NA,t,NA,NA,NA,X,X,syn,0
302,NA,NA,NA,NA,NA,NA,NA,396,NA,n,a,NA,g,NA,NA,NA,X,X,syn,0
303,NA,NA,NA,NA,NA,NA,NA,397,NA,n,a,NA,g,NA,NA,NA,X,X,syn,0
304,NA,NA,NA,NA,NA,NA,NA,398,NA,n,c,NA,t,NA,NA,NA,X,X,syn,0
305,NA,NA,NA,NA,NA,NA,NA,399,NA,n,a,NA,g,NA,NA,NA,X,X,syn,0
306,NA,NA,NA,NA,NA,NA,NA,400,NA,n,a,NA,g,NA,NA,NA,X,X,syn,0
307,NA,NA,NA,NA,NA,NA,NA,401,NA,n,c,NA,t,NA,NA,NA,X,X,syn,0
308,NA,NA,NA,NA,NA,NA,NA,402,NA,n,a,NA,g,NA,NA,NA,X,X,syn,0
309,NA,NA,NA,NA,NA,NA,NA,403,NA,n,t,NA,c,NA,NA,NA,X,X,syn,0
310,NA,NA,NA,NA,NA,NA,NA,404,NA,n,c,NA,t,NA,NA,NA,X,X,syn,0
311,NA,NA,NA,NA,NA,NA,NA,405,NA,n,a,NA,g,NA,NA,NA,X,X,syn,0
312,NA,NA,NA,NA,NA,NA,NA,406,NA,n,a,NA,g,NA,NA,NA,X,X,syn,0
313,NA,NA,NA,NA,NA,NA,NA,407,NA,n,c,NA,t,NA,NA,NA,X,X,syn,0
314,NA,NA,NA,NA,NA,NA,NA,408,NA,n,a,NA,g,NA,NA,NA,X,X,syn,0
315,NA,NA,NA,NA,NA,NA,NA,409,NA,n,a,NA,g,NA,NA,NA,X,X,syn,0
316,NA,NA,NA,NA,NA,NA,NA,410,NA,n,c,NA,t,NA,NA,NA,X,X,syn,0
317,NA,NA,NA,NA,NA,NA,NA,411,NA,n,a,NA,g,NA,NA,NA,X,X,syn,0
318,NA,NA,NA,NA,NA,NA,NA,412,NA,n,a,NA,g,NA,NA,NA,X,X,syn,0
319,NA,NA,NA,NA,NA,NA,NA,413,NA,n,c,NA,t,NA,NA,NA,X,X,syn,0
320,NA,NA,NA,NA,NA,NA,NA,414,NA,n,a,NA,g,NA,NA,NA,X,X,syn,0
321,NA,NA,NA,NA,NA,NA,NA,415,NA,n,c,NA,t,NA,NA,NA,X,X,syn,0
322,NA,NA,NA,NA,NA,NA,NA,416,NA,n,c,NA,t,NA,NA,NA,X,X,syn,0
323,NA,NA,NA,NA,NA,NA,NA,417,NA,n,a,NA,g,NA,NA,NA,X,X,syn,0
324,NA,NA,NA,NA,NA,NA,NA,418,NA,n,a,NA,g,NA,NA,NA,X,X,syn,0
325,NA,NA,NA,NA,NA,NA,NA,419,NA,n,a,NA,g,NA,NA,NA,X,X,syn,0
326,NA,NA,NA,NA,NA,NA,NA,420,NA,n,a,NA,g,NA,NA,NA,X,X,syn,0
327,NA,NA,NA,NA,NA,NA,NA,421,NA,n,g,NA,a,NA,NA,NA,X,X,syn,0
328,NA,NA,NA,NA,NA,NA,NA,422,NA,n,a,NA,g,NA,NA,NA,X,X,syn,0
329,NA,NA,NA,NA,NA,NA,NA,423,NA,n,a,NA,g,NA,NA,NA,X,X,syn,0
330,NA,NA,NA,NA,NA,NA,NA,424,NA,n,a,NA,g,NA,NA,NA,X,X,syn,0
331,NA,NA,NA,NA,NA,NA,NA,425,NA,n,c,NA,t,NA,NA,NA,X,X,syn,0
332,NA,NA,NA,NA,NA,NA,NA,426,NA,n,a,NA,g,NA,NA,NA,X,X,syn,0
333,NA,NA,NA,NA,NA,NA,NA,427,NA,n,a,NA,g,NA,NA,NA,X,X,syn,0
334,NA,NA,NA,NA,NA,NA,NA,428,NA,n,a,NA,g,NA,NA,NA,X,X,syn,0
335,NA,NA,NA,NA,NA,NA,NA,429,NA,n,t,NA,c,NA,NA,NA,X,X,syn,0
336,NA,NA,NA,NA,NA,NA,NA,430,NA,n,g,NA,a,NA,NA,NA,X,X,syn,0
337,NA,NA,NA,NA,NA,NA,NA,431,NA,n,t,NA,c,NA,NA,NA,X,X,syn,0
338,NA,NA,NA,NA,NA,NA,NA,432,NA,n,t,NA,c,NA,NA,NA,X,X,syn,0
339,NA,NA,NA,NA,NA,NA,NA,433,NA,n,g,NA,a,NA,NA,NA,X,X,syn,0
340,NA,NA,NA,NA,NA,NA,NA,434,NA,n,t,NA,c,NA,NA,NA,X,X,syn,0
341,NA,NA,NA,NA,NA,NA,NA,435,NA,n,a,NA,g,NA,NA,NA,X,X,syn,0
342,NA,NA,NA,NA,NA,NA,NA,436,NA,n,a,NA,g,NA,NA,NA,X,X,syn,0
343,NA,NA,NA,NA,NA,NA,NA,437,NA,n,a,NA,g,NA,NA,NA,X,X,syn,0
344,NA,NA,NA,NA,NA,NA,NA,438,NA,n,t,NA,c,NA,NA,NA,X,X,syn,0
345,NA,NA,NA,NA,NA,NA,NA,439,NA,n,g,NA,a,NA,NA,NA,X,X,syn,0
346,NA,NA,NA,NA,NA,NA,NA,440,NA,n,a,NA,g,NA,NA,NA,X,X,syn,0
347,NA,NA,NA,NA,NA,NA,NA,441,NA,n,a,NA,g,NA,NA,NA,X,X,syn,0
348,NA,NA,NA,NA,NA,NA,NA,442,NA,n,a,NA,g,NA,NA,NA,X,X,syn,0
349,NA,NA,NA,NA,NA,NA,NA,443,NA,n,c,NA,t,NA,NA,NA,X,X,syn,0
350,NA,NA,NA,NA,NA,NA,NA,444,NA,n,t,NA,c,NA,NA,NA,X,X,syn,0
351,NA,NA,NA,NA,NA,NA,NA,445,NA,n,a,NA,g,NA,NA,NA,X,X,syn,0
352,NA,NA,NA,NA,NA,NA,NA,446,NA,n,g,NA,a,NA,NA,NA,X,X,syn,0
353,NA,NA,NA,NA,NA,NA,NA,447,NA,n,t,NA,c,NA,NA,NA,X,X,syn,0
354,NA,NA,NA,NA,NA,NA,NA,448,NA,n,t,NA,c,NA,NA,NA,X,X,syn,0
355,NA,NA,NA,NA,NA,NA,NA,449,NA,n,c,NA,t,NA,NA,NA,X,X,syn,0
356,NA,NA,NA,NA,NA,NA,NA,450,NA,n,t,NA,c,NA,NA,NA,X,X,syn,0
357,NA,NA,NA,NA,NA,NA,NA,451,NA,n,t,NA,c,NA,NA,NA,X,X,syn,0
358,NA,NA,NA,NA,NA,NA,NA,452,NA,n,g,NA,a,NA,NA,NA,X,X,syn,0
359,NA,NA,NA,NA,NA,NA,NA,453,NA,n,t,NA,c,NA,NA,NA,X,X,syn,0
360,NA,NA,NA,NA,NA,NA,NA,454,NA,n,g,NA,a,NA,NA,NA,X,X,syn,0
361,NA,NA,NA,NA,NA,NA,NA,455,NA,n,t,NA,c,NA,NA,NA,X,X,syn,0
362,NA,NA,NA,NA,NA,NA,NA,456,NA,n,a,NA,g,NA,NA,NA,X,X,syn,0
363,NA,NA,NA,NA,NA,NA,NA,457,NA,n,a,NA,g,NA,NA,NA,X,X,syn,0
364,NA,NA,NA,NA,NA,NA,NA,458,NA,n,a,NA,g,NA,NA,NA,X,X,syn,0
365,NA,NA,NA,NA,NA,NA,NA,459,NA,n,a,NA,g,NA,NA,NA,X,X,syn,0
366,NA,NA,NA,NA,NA,NA,NA,460,NA,n,a,NA,g,NA,NA,NA,X,X,syn,0
367,NA,NA,NA,NA,NA,NA,NA,461,NA,n,a,NA,g,NA,NA,NA,X,X,syn,0
368,NA,NA,NA,NA,NA,NA,NA,462,NA,n,c,NA,t,NA,NA,NA,X,X,syn,0
369,NA,NA,NA,NA,NA,NA,NA,463,NA,n,a,NA,g,NA,NA,NA,X,X,syn,0
370,NA,NA,NA,NA,NA,NA,NA,464,NA,n,a,NA,g,NA,NA,NA,X,X,syn,0
371,NA,NA,NA,NA,NA,NA,NA,465,NA,n,t,NA,c,NA,NA,NA,X,X,syn,0
372,NA,NA,NA,NA,NA,NA,NA,466,NA,n,a,NA,g,NA,NA,NA,X,X,syn,0
373,NA,NA,NA,NA,NA,NA,NA,467,NA,n,a,NA,g,NA,NA,NA,X,X,syn,0
374,NA,NA,NA,NA,NA,NA,NA,468,NA,n,t,NA,c,NA,NA,NA,X,X,syn,0
375,NA,NA,NA,NA,NA,NA,NA,469,NA,n,t,NA,c,NA,NA,NA,X,X,syn,0
376,NA,NA,NA,NA,NA,NA,NA,470,NA,n,g,NA,a,NA,NA,NA,X,X,syn,0
377,NA,NA,NA,NA,NA,NA,NA,471,NA,n,t,NA,c,NA,NA,NA,X,X,syn,0
378,NA,NA,NA,NA,NA,NA,NA,472,NA,n,a,NA,g,NA,NA,NA,X,X,syn,0
379,NA,NA,NA,NA,NA,NA,NA,473,NA,n,c,NA,t,NA,NA,NA,X,X,syn,0
380,NA,NA,NA,NA,NA,NA,NA,474,NA,n,a,NA,g,NA,NA,NA,X,X,syn,0
381,NA,NA,NA,NA,NA,NA,NA,475,NA,n,g,NA,a,NA,NA,NA,X,X,syn,0
382,NA,NA,NA,NA,NA,NA,NA,476,NA,n,g,NA,a,NA,NA,NA,X,X,syn,0
383,NA,NA,NA,NA,NA,NA,NA,477,NA,n,c,NA,t,NA,NA,NA,X,X,syn,0
384,NA,NA,NA,NA,NA,NA,NA,478,NA,n,t,NA,c,NA,NA,NA,X,X,syn,0
385,NA,NA,NA,NA,NA,NA,NA,479,NA,n,t,NA,c,NA,NA,NA,X,X,syn,0
386,NA,NA,NA,NA,NA,NA,NA,480,NA,n,a,NA,g,NA,NA,NA,X,X,syn,0
387,NA,NA,NA,NA,NA,NA,NA,481,NA,n,g,NA,a,NA,NA,NA,X,X,syn,0
388,NA,NA,NA,NA,NA,NA,NA,482,NA,n,a,NA,g,NA,NA,NA,X,X,syn,0
389,NA,NA,NA,NA,NA,NA,NA,483,NA,n,g,NA,a,NA,NA,NA,X,X,syn,0
390,NA,NA,NA,NA,NA,NA,NA,484,NA,n,c,NA,t,NA,NA,NA,X,X,syn,0
391,NA,NA,NA,NA,NA,NA,NA,485,NA,n,c,NA,t,NA,NA,NA,X,X,syn,0
392,NA,NA,NA,NA,NA,NA,NA,486,NA,n,g,NA,a,NA,NA,NA,X,X,syn,0
393,NA,NA,NA,NA,NA,NA,NA,487,NA,n,g,NA,a,NA,NA,NA,X,X,syn,0
394,NA,NA,NA,NA,NA,NA,NA,488,NA,n,a,NA,g,NA,NA,NA,X,X,syn,0
395,NA,NA,NA,NA,NA,NA,NA,489,NA,n,a,NA,g,NA,NA,NA,X,X,syn,0
396,NA,NA,NA,NA,NA,NA,NA,490,NA,n,c,NA,t,NA,NA,NA,X,X,syn,0
397,NA,NA,NA,NA,NA,NA,NA,491,NA,n,c,NA,t,NA,NA,NA,X,X,syn,0
398,NA,NA,NA,NA,NA,NA,NA,492,NA,n,a,NA,g,NA,NA,NA,X,X,syn,0
399,NA,NA,NA,NA,NA,NA,NA,493,NA,n,a,NA,g,NA,NA,NA,X,X,syn,0
400,NA,NA,NA,NA,NA,NA,NA,494,NA,n,t,NA,c,NA,NA,NA,X,X,syn,0
401,NA,NA,NA,NA,NA,NA,NA,495,NA,n,g,NA,a,NA,NA,NA,X,X,syn,0
402,NA,NA,NA,NA,NA,NA,NA,496,NA,n,g,NA,a,NA,NA,NA,X,X,syn,0
403,NA,NA,NA,NA,NA,NA,NA,497,NA,n,t,NA,c,NA,NA,NA,X,X,syn,0
404,NA,NA,NA,NA,NA,NA,NA,498,NA,n,a,NA,g,NA,NA,NA,X,X,syn,0
405,NA,NA,NA,NA,NA,NA,NA,499,NA,n,a,NA,g,NA,NA,NA,X,X,syn,0
406,NA,NA,NA,NA,NA,NA,NA,500,NA,n,g,NA,a,NA,NA,NA,X,X,syn,0
407,NA,NA,NA,NA,NA,NA,NA,501,NA,n,c,NA,t,NA,NA,NA,X,X,syn,0
408,NA,NA,NA,NA,NA,NA,NA,502,NA,n,t,NA,c,NA,NA,NA,X,X,syn,0
409,NA,NA,NA,NA,NA,NA,NA,503,NA,n,g,NA,a,NA,NA,NA,X,X,syn,0
410,NA,NA,NA,NA,NA,NA,NA,504,NA,n,t,NA,c,NA,NA,NA,X,X,syn,0
411,NA,NA,NA,NA,NA,NA,NA,505,NA,n,a,NA,g,NA,NA,NA,X,X,syn,0
412,NA,NA,NA,NA,NA,NA,NA,506,NA,n,a,NA,g,NA,NA,NA,X,X,syn,0
413,NA,NA,NA,NA,NA,NA,NA,507,NA,n,a,NA,g,NA,NA,NA,X,X,syn,0
414,NA,NA,NA,NA,NA,NA,NA,508,NA,n,t,NA,c,NA,NA,NA,X,X,syn,0
415,NA,NA,NA,NA,NA,NA,NA,509,NA,n,t,NA,c,NA,NA,NA,X,X,syn,0
416,NA,NA,NA,NA,NA,NA,NA,510,NA,n,t,NA,c,NA,NA,NA,X,X,syn,0
417,NA,NA,NA,NA,NA,NA,NA,511,NA,n,a,NA,g,NA,NA,NA,X,X,syn,0
418,NA,NA,NA,NA,NA,NA,NA,512,NA,n,a,NA,g,NA,NA,NA,X,X,syn,0
419,NA,NA,NA,NA,NA,NA,NA,513,NA,n,c,NA,t,NA,NA,NA,X,X,syn,0
420,NA,NA,NA,NA,NA,NA,NA,514,NA,n,a,NA,g,NA,NA,NA,X,X,syn,0
421,NA,NA,NA,NA,NA,NA,NA,515,NA,n,t,NA,c,NA,NA,NA,X,X,syn,0
422,NA,NA,NA,NA,NA,NA,NA,516,NA,n,g,NA,a,NA,NA,NA,X,X,syn,0
423,NA,NA,NA,NA,NA,NA,NA,517,NA,n,a,NA,g,NA,NA,NA,X,X,syn,0
424,NA,NA,NA,NA,NA,NA,NA,518,NA,n,c,NA,t,NA,NA,NA,X,X,syn,0
425,NA,NA,NA,NA,NA,NA,NA,519,NA,n,t,NA,c,NA,NA,NA,X,X,syn,0
426,NA,NA,NA,NA,NA,NA,NA,520,NA,n,g,NA,a,NA,NA,NA,X,X,syn,0
427,NA,NA,NA,NA,NA,NA,NA,521,NA,n,g,NA,a,NA,NA,NA,X,X,syn,0
428,NA,NA,NA,NA,NA,NA,NA,522,NA,n,g,NA,a,NA,NA,NA,X,X,syn,0
429,NA,NA,NA,NA,NA,NA,NA,523,NA,n,t,NA,c,NA,NA,NA,X,X,syn,0
430,NA,NA,NA,NA,NA,NA,NA,524,NA,n,t,NA,c,NA,NA,NA,X,X,syn,0
431,NA,NA,NA,NA,NA,NA,NA,525,NA,n,a,NA,g,NA,NA,NA,X,X,syn,0
432,NA,NA,NA,NA,NA,NA,NA,526,NA,n,a,NA,g,NA,NA,NA,X,X,syn,0
433,NA,NA,NA,NA,NA,NA,NA,527,NA,n,a,NA,g,NA,NA,NA,X,X,syn,0
434,NA,NA,NA,NA,NA,NA,NA,528,NA,n,a,NA,g,NA,NA,NA,X,X,syn,0
435,NA,NA,NA,NA,NA,NA,NA,529,NA,n,a,NA,g,NA,NA,NA,X,X,syn,0
436,NA,NA,NA,NA,NA,NA,NA,530,NA,n,g,NA,a,NA,NA,NA,X,X,syn,0
437,NA,NA,NA,NA,NA,NA,NA,531,NA,n,g,NA,a,NA,NA,NA,X,X,syn,0
438,NA,NA,NA,NA,NA,NA,NA,532,NA,n,g,NA,a,NA,NA,NA,X,X,syn,0
439,NA,NA,NA,NA,NA,NA,NA,533,NA,n,a,NA,g,NA,NA,NA,X,X,syn,0
440,NA,NA,NA,NA,NA,NA,NA,534,NA,n,c,NA,t,NA,NA,NA,X,X,syn,0
441,NA,NA,NA,NA,NA,NA,NA,535,NA,n,a,NA,g,NA,NA,NA,X,X,syn,0
442,NA,NA,NA,NA,NA,NA,NA,536,NA,n,a,NA,g,NA,NA,NA,X,X,syn,0
443,NA,NA,NA,NA,NA,NA,NA,537,NA,n,a,NA,g,NA,NA,NA,X,X,syn,0
444,NA,NA,NA,NA,NA,NA,NA,538,NA,n,a,NA,g,NA,NA,NA,X,X,syn,0
445,NA,NA,NA,NA,NA,NA,NA,539,NA,n,a,NA,g,NA,NA,NA,X,X,syn,0
446,NA,NA,NA,NA,NA,NA,NA,540,NA,n,g,NA,a,NA,NA,NA,X,X,syn,0
447,NA,NA,NA,NA,NA,NA,NA,541,NA,n,a,NA,g,NA,NA,NA,X,X,syn,0
448,NA,NA,NA,NA,NA,NA,NA,542,NA,n,a,NA,g,NA,NA,NA,X,X,syn,0
449,NA,NA,NA,NA,NA,NA,NA,543,NA,n,a,NA,g,NA,NA,NA,X,X,syn,0
450,NA,NA,NA,NA,NA,NA,NA,544,NA,n,g,NA,a,NA,NA,NA,X,X,syn,0
451,NA,NA,NA,NA,NA,NA,NA,545,NA,n,a,NA,g,NA,NA,NA,X,X,syn,0
452,NA,NA,NA,NA,NA,NA,NA,546,NA,n,a,NA,g,NA,NA,NA,X,X,syn,0
453,NA,NA,NA,NA,NA,NA,NA,547,NA,n,t,NA,c,NA,NA,NA,X,X,syn,0
454,NA,NA,NA,NA,NA,NA,NA,548,NA,n,a,NA,g,NA,NA,NA,X,X,syn,0
455,NA,NA,NA,NA,NA,NA,NA,549,NA,n,t,NA,c,NA,NA,NA,X,X,syn,0
456,NA,NA,NA,NA,NA,NA,NA,550,NA,n,a,NA,g,NA,NA,NA,X,X,syn,0
457,NA,NA,NA,NA,NA,NA,NA,551,NA,n,a,NA,g,NA,NA,NA,X,X,syn,0
458,NA,NA,NA,NA,NA,NA,NA,552,NA,n,t,NA,c,NA,NA,NA,X,X,syn,0
459,NA,NA,NA,NA,NA,NA,NA,553,NA,n,g,NA,a,NA,NA,NA,X,X,syn,0
460,NA,NA,NA,NA,NA,NA,NA,554,NA,n,a,NA,g,NA,NA,NA,X,X,syn,0
461,NA,NA,NA,NA,NA,NA,NA,555,NA,n,a,NA,g,NA,NA,NA,X,X,syn,0
462,NA,NA,NA,NA,NA,NA,NA,556,NA,n,a,NA,g,NA,NA,NA,X,X,syn,0
463,NA,NA,NA,NA,NA,NA,NA,557,NA,n,c,NA,t,NA,NA,NA,X,X,syn,0
464,NA,NA,NA,NA,NA,NA,NA,558,NA,n,a,NA,g,NA,NA,NA,X,X,syn,0
465,NA,NA,NA,NA,NA,NA,NA,559,NA,n,t,NA,c,NA,NA,NA,X,X,syn,0
466,NA,NA,NA,NA,NA,NA,NA,560,NA,n,g,NA,a,NA,NA,NA,X,X,syn,0
467,NA,NA,NA,NA,NA,NA,NA,561,NA,n,g,NA,a,NA,NA,NA,X,X,syn,0
468,NA,NA,NA,NA,NA,NA,NA,562,NA,n,t,NA,c,NA,NA,NA,X,X,syn,0
469,NA,NA,NA,NA,NA,NA,NA,563,NA,n,a,NA,g,NA,NA,NA,X,X,syn,0
470,NA,NA,NA,NA,NA,NA,NA,564,NA,n,t,NA,c,NA,NA,NA,X,X,syn,0
471,NA,NA,NA,NA,NA,NA,NA,565,NA,n,t,NA,c,NA,NA,NA,X,X,syn,0
472,NA,NA,NA,NA,NA,NA,NA,566,NA,n,c,NA,t,NA,NA,NA,X,X,syn,0
473,NA,NA,NA,NA,NA,NA,NA,567,NA,n,a,NA,g,NA,NA,NA,X,X,syn,0
474,NA,NA,NA,NA,NA,NA,NA,568,NA,n,a,NA,g,NA,NA,NA,X,X,syn,0
475,NA,NA,NA,NA,NA,NA,NA,569,NA,n,g,NA,a,NA,NA,NA,X,X,syn,0
476,NA,NA,NA,NA,NA,NA,NA,570,NA,n,a,NA,g,NA,NA,NA,X,X,syn,0
477,NA,NA,NA,NA,NA,NA,NA,571,NA,n,g,NA,a,NA,NA,NA,X,X,syn,0
478,NA,NA,NA,NA,NA,NA,NA,572,NA,n,a,NA,g,NA,NA,NA,X,X,syn,0
479,NA,NA,NA,NA,NA,NA,NA,573,NA,n,t,NA,c,NA,NA,NA,X,X,syn,0
480,NA,NA,NA,NA,NA,NA,NA,574,NA,n,t,NA,c,NA,NA,NA,X,X,syn,0
481,NA,NA,NA,NA,NA,NA,NA,575,NA,n,t,NA,c,NA,NA,NA,X,X,syn,0
482,NA,NA,NA,NA,NA,NA,NA,576,NA,n,a,NA,g,NA,NA,NA,X,X,syn,0
483,NA,NA,NA,NA,NA,NA,NA,577,NA,n,a,NA,g,NA,NA,NA,X,X,syn,0
484,NA,NA,NA,NA,NA,NA,NA,578,NA,n,t,NA,c,NA,NA,NA,X,X,syn,0
485,NA,NA,NA,NA,NA,NA,NA,579,NA,n,a,NA,g,NA,NA,NA,X,X,syn,0
486,NA,NA,NA,NA,NA,NA,NA,580,NA,n,t,NA,c,NA,NA,NA,X,X,syn,0
487,NA,NA,NA,NA,NA,NA,NA,581,NA,n,g,NA,a,NA,NA,NA,X,X,syn,0
488,NA,NA,NA,NA,NA,NA,NA,582,NA,n,t,NA,c,NA,NA,NA,X,X,syn,0
489,NA,NA,NA,NA,NA,NA,NA,583,NA,n,g,NA,a,NA,NA,NA,X,X,syn,0
490,NA,NA,NA,NA,NA,NA,NA,584,NA,n,a,NA,g,NA,NA,NA,X,X,syn,0
491,NA,NA,NA,NA,NA,NA,NA,585,NA,n,a,NA,g,NA,NA,NA,X,X,syn,0
492,NA,NA,NA,NA,NA,NA,NA,586,NA,n,c,NA,t,NA,NA,NA,X,X,syn,0
493,NA,NA,NA,NA,NA,NA,NA,587,NA,n,a,NA,g,NA,NA,NA,X,X,syn,0
494,NA,NA,NA,NA,NA,NA,NA,588,NA,n,a,NA,g,NA,NA,NA,X,X,syn,0
495,NA,NA,NA,NA,NA,NA,NA,589,NA,n,a,NA,g,NA,NA,NA,X,X,syn,0
496,NA,NA,NA,NA,NA,NA,NA,590,NA,n,a,NA,g,NA,NA,NA,X,X,syn,0
497,NA,NA,NA,NA,NA,NA,NA,591,NA,n,t,NA,c,NA,NA,NA,X,X,syn,0
498,NA,NA,NA,NA,NA,NA,NA,592,NA,n,a,NA,g,NA,NA,NA,X,X,syn,0
499,NA,NA,NA,NA,NA,NA,NA,593,NA,n,c,NA,t,NA,NA,NA,X,X,syn,0
500,NA,NA,NA,NA,NA,NA,NA,594,NA,n,t,NA,c,NA,NA,NA,X,X,syn,0
501,NA,NA,NA,NA,NA,NA,NA,595,NA,n,a,NA,g,NA,NA,NA,X,X,syn,0
502,NA,NA,NA,NA,NA,NA,NA,596,NA,n,a,NA,g,NA,NA,NA,X,X,syn,0
504,0,0,14,0,0,0,0,598,14,g,g,a,a,0,0,0,G,S,nonsyn,0
505,0,0,18,0,0,0,0,599,18,g,g,a,a,0,0,0,G,D,nonsyn,0
506,4,0,0,16,0,0,0,600,20,t,a,c,g,0.32,0.2,0,G,G,syn,0
507,2877,0,0,0,0,0,0,601,2877,a,a,g,g,0,0,0,N,D,nonsyn,0
508,3896,0,291,1,0,0,0,602,4188,a,g,g,a,0.12975662,0.069723018,0.930276982,N,S,nonsyn,0
510,2,0,69999,0,0,0,0,604,70001,g,g,a,a,5.71E-05,2.86E-05,2.86E-05,E,K,nonsyn,0
511,70002,0,0,0,0,0,0,605,70002,a,a,g,g,0,0,0,E,G,nonsyn,0
512,69997,0,6,0,0,0,0,606,70003,a,a,g,g,0.000171407,8.57E-05,8.57E-05,E,E,syn,0
513,69990,0,11,3,0,0,0,607,70004,a,a,g,g,0.000399911,0.000199989,0.000157134,S,G,nonsyn,0
514,3,0,70001,1,0,0,0,608,70005,g,g,a,a,0.000114272,5.71E-05,4.29E-05,S,N,nonsyn,0
515,0,6,0,70000,0,0,0,609,70006,t,t,c,c,0.000171399,8.57E-05,8.57E-05,S,S,syn,0
516,70003,0,4,0,0,0,0,610,70007,a,a,g,g,0.000114268,5.71E-05,5.71E-05,R,G,nonsyn,0
517,95,0,69904,9,0,0,0,611,70008,g,a,a,g,0.002967024,0.001485545,0.998514455,R,K,nonsyn,0
518,69995,1,10,3,0,0,0,612,70009,a,a,g,g,0.000399886,0.000199974,0.000142839,R,R,syn,0
520,179,34,69791,7,0,0,0,614,70011,g,g,a,a,0.006268069,0.003142363,0.002556741,C,Y,nonsyn,0
521,33,125,11,69841,2,0,0,615,70010,t,t,c,c,0.00481862,0.002413941,0.001785459,C,C,syn,0
522,9,113,7,69884,0,0,0,616,70013,t,t,c,c,0.003679004,0.001842515,0.001613986,Y,H,nonsyn,0
523,69847,5,149,11,2,0,0,617,70012,a,a,g,g,0.004703364,0.002356739,0.002128207,Y,C,nonsyn,0
524,11,69955,3,45,1,0,0,618,70014,c,c,t,t,0.001684227,0.000842689,0.000642729,Y,Y,syn,0
527,93,3,69912,9,1,0,0,621,70017,g,g,a,a,0.00299524,0.001499636,0.001328249,M,I,nonsyn,0
528,69845,5,135,34,0,0,0,622,70019,a,a,g,g,0.004959946,0.00248504,0.001928048,N,D,nonsyn,0
529,69846,6,162,6,0,0,0,623,70020,a,a,g,g,0.004958466,0.002485004,0.002313625,N,S,nonsyn,0
530,48,97,4,69871,1,0,0,624,70020,t,t,c,c,0.004249006,0.002127963,0.001385318,N,N,syn,0
531,36,69933,2,51,0,0,0,625,70022,c,c,t,t,0.002539647,0.001271029,0.000728343,H,Y,nonsyn,0
533,4,69983,3,33,1,0,0,627,70023,c,c,t,t,0.001141928,0.000571241,0.000471274,H,H,syn,0
535,52,4,69957,12,0,0,0,629,70025,g,g,a,a,0.001940636,0.000971082,0.000742592,C,Y,nonsyn,0
536,32,82,6,69902,3,0,0,630,70022,t,t,c,c,0.00342297,0.001713747,0.001171061,C,C,syn,0
537,69888,3,104,21,10,0,0,631,70016,a,a,g,g,0.003650667,0.001828154,0.001485375,N,D,nonsyn,0
538,69878,4,119,26,0,0,0,632,70027,a,a,g,g,0.004247945,0.002127751,0.001699345,N,S,nonsyn,0
539,13,69968,2,44,0,0,0,633,70027,c,c,t,t,0.001683924,0.000842532,0.000628329,N,N,syn,0
541,11,69965,1,50,0,0,0,635,70027,c,c,t,t,0.001769427,0.000885373,0.00071401,T,I,nonsyn,0
542,11,287,8,69719,2,0,0,636,70025,t,c,c,t,0.008703804,0.004369868,0.995630132,T,T,syn,0
543,36,156,3,69827,5,0,0,637,70022,t,a,c,g,0.005556693,0.002784839,4.28E-05,S,P,nonsyn,0
544,22,69922,5,50,29,0,0,638,69999,c,g,t,a,0.002198207,0.001100016,0.00031429,S,F,nonsyn,0
545,0,115,7,69880,26,0,0,639,70002,t,t,c,c,0.003479868,0.001742807,0.00164281,S,S,syn,0
546,69878,5,139,8,0,0,0,640,70030,a,a,g,g,0.004332328,0.002170498,0.001984864,I,V,nonsyn,0
547,24,89,4,69914,0,0,0,641,70031,t,t,c,c,0.00333685,0.001670689,0.001270866,I,T,nonsyn,0
548,20,80,4,69927,0,0,0,642,70031,t,t,c,c,0.002966518,0.001485057,0.001142351,I,I,syn,0
549,69940,3,76,12,2,0,0,643,70031,a,a,g,g,0.002595952,0.001299425,0.001085234,I,V,nonsyn,0
550,21,204,3,69799,6,0,0,644,70027,t,t,c,c,0.006492595,0.003255887,0.002913162,I,T,nonsyn,0
551,15,69930,2,86,1,0,0,645,70033,c,t,t,c,0.002937753,0.001470735,0.998529265,I,I,syn,0
552,13,69922,4,93,1,0,0,646,70032,c,c,t,t,0.003137153,0.001570711,0.001327964,Q,*,nonsense,0
554,69879,8,127,24,0,0,0,648,70038,a,a,g,g,0.00453182,0.002270196,0.001813301,Q,Q,syn,0
555,23,4,70005,6,1,0,0,649,70038,g,g,a,a,0.000942005,0.000471173,0.000328393,E,K,nonsyn,0
556,69863,6,148,22,0,0,0,650,70039,a,a,g,g,0.005014886,0.002512886,0.002113108,E,G,nonsyn,0
557,65,0,69971,4,0,0,0,651,70040,g,a,a,g,0.001968468,0.000985151,0.999014849,E,E,syn,0
558,24,145,8,69862,0,0,0,652,70039,t,t,c,c,0.005043524,0.002527163,0.002070275,S,P,nonsyn,0
559,67,69932,1,33,3,0,0,653,70033,c,c,t,t,0.002881137,0.001442177,0.000471206,S,F,nonsyn,0
560,21,177,6,69835,1,0,0,654,70039,t,c,c,t,0.005810358,0.002912663,0.997087337,S,S,syn,0
562,65,0,69977,3,0,0,0,656,70045,g,g,a,a,0.001939804,0.000970804,0.000927975,C,Y,nonsyn,0
564,84,3,69953,7,0,0,0,658,70047,g,g,a,a,0.002680661,0.001341956,0.001199195,D,N,nonsyn,0
565,69844,6,158,38,0,0,0,659,70046,a,a,g,g,0.005753932,0.002883819,0.002255661,D,G,nonsyn,0
566,1,69897,3,146,0,0,0,660,70047,c,c,t,t,0.004273907,0.002141419,0.002084315,D,D,syn,0
568,69885,3,141,21,0,0,0,662,70050,a,a,g,g,0.004701229,0.00235546,0.002012848,K,R,nonsyn,0
569,32,1,70006,13,0,0,0,663,70052,g,g,a,a,0.001312636,0.000656655,0.000456804,K,K,syn,0
570,8,69986,3,52,0,0,0,664,70049,c,c,t,t,0.001797366,0.00089937,0.000742338,H,Y,nonsyn,0
572,15,157,6,69871,4,0,0,666,70049,t,t,c,c,0.005070623,0.002541078,0.002241288,H,H,syn,0
573,14,54,2,69985,0,0,0,667,70055,t,t,c,c,0.001996796,0.000999215,0.000770823,Y,H,nonsyn,0
574,69940,4,91,13,0,0,0,668,70048,a,a,g,g,0.003079497,0.0015418,0.001299109,Y,C,nonsyn,0
575,12,105,7,69917,1,0,0,669,70041,t,t,c,c,0.003535362,0.001770392,0.001499122,Y,Y,syn,0
577,498,8,69472,17,22,0,0,671,69995,g,g,a,a,0.014837402,0.007471962,0.007114794,W,*,nonsense,0
578,108,8,69863,22,0,0,0,672,70001,g,g,a,a,0.003936422,0.0019714,0.001542835,W,*,nonsense,0
579,191,10,69782,15,0,0,0,673,69998,g,g,a,a,0.006154571,0.003085802,0.002728649,D,N,nonsyn,0
580,69741,9,187,47,2,0,0,674,69984,a,a,g,g,0.006924781,0.003472222,0.002672039,D,G,nonsyn,0
581,8,121,2,69858,0,0,0,675,69989,t,t,c,c,0.003736939,0.001871723,0.001728843,D,D,syn,0
582,69802,3,165,24,0,0,0,676,69994,a,g,g,a,0.005472983,0.002743092,0.997256908,T,A,nonsyn,0
583,4,69933,7,40,0,0,0,677,69984,c,c,t,t,0.001456605,0.000728738,0.000571559,T,I,nonsyn,0
584,29,110,0,69846,0,0,0,678,69985,t,t,c,c,0.003965693,0.00198614,0.001571765,T,T,syn,0
585,69864,1,105,17,0,0,0,679,69987,a,a,g,g,0.00350954,0.001757469,0.001500279,I,V,nonsyn,0
586,26,140,9,69796,9,0,0,680,69971,t,t,c,c,0.004991659,0.002501036,0.002000829,I,T,nonsyn,0
587,7,82,10,69880,0,0,0,681,69979,t,t,c,c,0.002826015,0.00141471,0.00117178,I,I,syn,0
588,69890,5,80,12,1,0,0,682,69987,a,a,g,g,0.002768681,0.001385972,0.001143069,R,G,nonsyn,0
589,29,2,69957,6,1,0,0,683,69994,g,g,a,a,0.001056774,0.000528617,0.000414321,R,K,nonsyn,0
590,69822,2,148,16,0,0,0,684,69988,a,a,g,g,0.00473352,0.002371835,0.002114648,R,R,syn,0
591,4,94,5,69849,40,0,0,685,69952,t,t,c,c,0.002940894,0.001472438,0.001343779,F,L,nonsyn,0
592,14,135,5,69819,0,0,0,686,69973,t,t,c,c,0.004393087,0.002200849,0.001929316,F,S,nonsyn,0
593,9,93,5,69876,0,0,0,687,69983,t,t,c,c,0.00305376,0.001528943,0.001328894,F,F,syn,0
594,69801,7,155,24,0,0,0,688,69987,a,a,g,g,0.005303177,0.002657636,0.002214697,R,G,nonsyn,0
595,55,3,69910,16,0,0,0,689,69984,g,g,a,a,0.002112979,0.001057385,0.000785894,R,K,nonsyn,0
596,109,3,69864,4,2,0,0,690,69980,g,a,a,g,0.003310054,0.001657616,0.998342384,R,R,syn,0
597,10,72,3,69903,0,0,0,691,69988,t,t,c,c,0.002426432,0.001214494,0.001028748,Y,H,nonsyn,0
598,69878,0,99,15,0,0,0,692,69992,a,a,g,g,0.003252816,0.001628758,0.001414447,Y,C,nonsyn,0
599,25,131,5,69829,0,0,0,693,69990,t,t,c,c,0.00459173,0.002300329,0.001871696,Y,Y,syn,0
601,120,1,69844,8,4,0,0,695,69973,g,g,a,a,0.003680783,0.001843568,0.001714947,C,Y,nonsyn,0
603,128,8,69828,3,0,0,0,697,69967,g,g,a,a,0.003965993,0.001986651,0.001829434,A,T,nonsyn,0
604,28,69833,4,80,0,0,0,698,69945,c,c,t,t,0.003198481,0.001601258,0.001143756,A,V,nonsyn,0
606,6,69925,2,38,0,0,0,700,69971,c,c,t,t,0.001314095,0.000657415,0.000543082,P,S,nonsyn,0
607,40,69882,4,47,0,0,0,701,69973,c,c,t,t,0.002598531,0.001300502,0.000671688,P,L,nonsyn,0
608,42,167,5,69736,20,0,0,702,69950,t,g,c,a,0.006103231,0.003059328,0.000600429,P,P,syn,0
609,180,69713,2,67,0,0,0,703,69962,c,c,t,t,0.007097945,0.003559075,0.000957663,P,S,nonsyn,0
610,41,69817,2,103,0,0,0,704,69963,c,c,t,t,0.004166768,0.002086817,0.001472207,P,L,nonsyn,0
612,49,3,69900,15,1,0,0,706,69967,g,g,a,a,0.001913733,0.000957594,0.00070033,G,S,nonsyn,0
613,52,1,69869,4,0,0,0,707,69926,g,g,a,a,0.001629074,0.000815147,0.000743643,G,D,nonsyn,0
614,20,141,4,69817,2,0,0,708,69982,t,t,c,c,0.004705795,0.002357749,0.002014804,G,G,syn,0
615,14,83,3,69891,1,0,0,709,69991,t,t,c,c,0.002854021,0.001428755,0.001185867,Y,H,nonsyn,0
616,69851,2,103,6,2,0,0,710,69962,a,a,g,g,0.003168458,0.001586576,0.001472228,Y,C,nonsyn,0
618,79,3,69875,4,0,0,0,712,69961,g,g,a,a,0.002455721,0.001229256,0.001129201,A,T,nonsyn,0
619,12,69851,3,84,0,0,0,713,69950,c,c,t,t,0.002827117,0.001415297,0.001200858,A,V,nonsyn,0
620,16,132,8,69738,9,0,0,714,69894,t,t,c,c,0.004455289,0.002231951,0.001888574,A,A,syn,0
621,26,211,6,69612,1,0,0,715,69855,t,t,c,c,0.006935898,0.003478634,0.003020543,0,0,syn,0
5,69970,2,20,12,0,0,0,99,70004,a,a,g,g,0.000971025,0.000485687,0.000285698,P,P,syn,1
9,7,23,0,69975,3,0,0,103,70005,t,t,c,c,0.00085678,0.000428541,0.000328548,W,R,nonsyn,1
17,2,28,5,69965,16,0,0,111,70000,t,t,c,c,0.000999584,5.00E-04,4.00E-04,N,N,syn,1
23,69885,2,103,32,0,0,0,117,70022,a,a,g,g,0.003906854,0.001956528,0.001470966,T,T,syn,1
36,18,125,7,69885,0,0,0,130,70035,t,t,c,c,0.004275724,0.002141786,0.001784822,C,R,nonsyn,1
38,23,175,4,69835,0,0,0,132,70037,t,t,c,c,0.005753707,0.00288419,0.002498679,C,C,syn,1
41,69832,8,159,16,0,0,0,135,70015,a,a,g,g,0.005215397,0.002613726,0.002270942,A,A,syn,1
45,69701,2,123,13,4,0,0,139,69839,a,a,g,g,0.003944905,0.001975973,0.001761194,K,E,nonsyn,1
60,17,106,10,69851,0,0,0,154,69984,t,t,c,c,0.003794884,0.001900434,0.001514632,W,R,nonsyn,1
68,69800,12,164,22,0,0,0,162,69998,a,a,g,g,0.005643686,0.002828652,0.002342924,T,T,syn,1
73,69805,16,112,52,0,0,0,167,69985,a,a,g,g,0.005134179,0.00257198,0.001600343,Q,R,nonsyn,1
75,62,109,15,69805,1,0,0,169,69991,t,t,c,c,0.005304651,0.002657485,0.001557343,C,R,nonsyn,1
83,69775,7,157,59,4,0,0,177,69998,a,a,g,g,0.00635571,0.003185805,0.002242921,P,P,syn,1
89,23,76,4,69867,0,0,0,183,69970,t,t,c,c,0.002940661,0.001472059,0.00108618,N,N,syn,1
92,10,193,10,69761,0,0,0,186,69974,t,t,c,c,0.006071061,0.003043988,0.002758167,G,G,syn,1
101,69762,3,189,24,2,0,0,195,69978,a,a,g,g,0.006156427,0.003086684,0.002700849,S,S,syn,1
106,46,94,64,69740,0,0,0,200,69944,t,t,c,c,0.005821655,0.002916619,0.001343932,L,S,nonsyn,1
116,6,92,48,69851,0,0,0,210,69997,t,t,c,c,0.004165052,0.002085804,0.001314342,N,N,syn,1
122,69732,8,213,28,2,0,0,216,69981,a,a,g,g,0.00709412,0.003558109,0.003043683,T,T,syn,1
131,36,133,5,69809,0,0,0,225,69983,t,t,c,c,0.004962573,0.002486318,0.001900462,F,F,syn,1
134,15,92,3,69842,0,0,0,228,69952,t,t,c,c,0.003140763,0.001572507,0.001315188,D,D,syn,1
138,21,124,14,69416,1,0,0,232,69575,t,t,c,c,0.004562077,0.002285304,0.001782249,W,R,nonsyn,1
149,69502,64,270,32,0,0,0,243,69868,a,a,g,g,0.010433475,0.00523845,0.00386443,T,T,syn,1
153,69567,8,229,25,1,0,0,247,69829,a,a,g,g,0.007479072,0.003752023,0.00327944,T,A,nonsyn,1
155,69544,6,215,41,0,0,0,249,69806,a,a,g,g,0.007482593,0.003753259,0.003079964,T,T,syn,1
160,69472,5,214,48,3,0,0,254,69739,a,a,g,g,0.007632569,0.003828561,0.003068584,Q,R,nonsyn,1
164,69539,9,156,27,7,0,0,258,69731,a,a,g,g,0.005494123,0.002753438,0.002237169,A,A,syn,1
173,28,135,22,68922,1,0,0,267,69107,t,t,c,c,0.005342768,0.002677008,0.001953492,D,D,syn,1
177,34,148,8,68764,1,0,0,271,68954,t,t,c,c,0.005498464,0.00275546,0.002146358,W,R,nonsyn,1
181,68364,4,175,32,0,0,0,275,68575,a,a,g,g,0.006137645,0.003076923,0.00255195,Q,R,nonsyn,1
188,13,111,2,68367,2,0,0,282,68493,t,t,c,c,0.003673161,0.001839604,0.001620604,F,F,syn,1
197,67702,8,151,14,1,0,0,291,67875,a,t,g,c,0.005086104,0.002548803,0.000117864,S,S,syn,1
207,12,114,2,67031,2,0,0,301,67159,t,t,c,c,0.003805303,0.001905925,0.001697464,C,R,nonsyn,1
209,19,120,4,66937,0,0,0,303,67080,t,t,c,c,0.004255737,0.002131783,0.001788909,C,C,syn,1
224,65346,58,68,11,0,0,0,318,65483,a,c,g,t,0.004178024,0.002092146,0.000167983,P,P,syn,1
228,23,144,5,65310,1,0,0,322,65482,t,t,c,c,0.005241487,0.002626676,0.002199078,C,R,nonsyn,1
231,64803,10,211,25,0,0,0,325,65049,a,a,g,g,0.007538534,0.003781765,0.003243709,I,V,nonsyn,1
238,34,94,10,63706,0,0,0,332,63844,t,t,c,c,0.004315889,0.002161519,0.001472339,M,T,nonsyn,1
243,28,134,11,61833,0,0,0,337,62006,t,t,c,c,0.005567415,0.002790053,0.002161081,C,R,nonsyn,1
246,61385,0,9,2,0,0,0,340,61396,a,a,g,g,0.000358275,0.000179165,0.000146589,N,D,nonsyn,1
254,111,2,0,1021,0,0,0,348,1134,t,a,c,g,0.179780646,0.099647266,0,S,S,syn,1
260,1049,0,0,0,0,0,0,354,1049,a,a,g,g,0,0,0,T,T,syn,1
267,0,0,0,1046,0,0,0,361,1046,t,t,c,c,0,0,0,W,R,nonsyn,1
278,2,0,0,0,0,0,0,372,2,a,a,g,g,0,0,0,T,T,syn,1
503,0,0,0,14,0,0,0,597,14,t,t,c,c,0,0,0,X,X,syn,1
509,0,0,1,69999,0,0,0,603,70000,t,t,c,c,2.86E-05,1.43E-05,0,N,N,syn,1
519,19,104,2,69885,0,0,0,613,70010,t,t,c,c,0.003565449,0.001785459,0.001485502,C,R,nonsyn,1
525,69746,6,253,11,0,0,0,619,70016,a,a,g,g,0.007684563,0.003856261,0.00361346,M,V,nonsyn,1
526,15,118,7,69877,0,0,0,620,70017,t,t,c,c,0.003992135,0.001999514,0.001685305,M,T,nonsyn,1
532,69808,7,165,43,0,0,0,626,70023,a,a,g,g,0.006125472,0.00307042,0.002356369,H,R,nonsyn,1
534,20,116,5,69883,1,0,0,628,70024,t,t,c,c,0.004020305,0.002013595,0.001656575,C,R,nonsyn,1
540,69875,8,117,27,0,0,0,634,70027,a,a,g,g,0.004333518,0.002170591,0.001670784,T,A,nonsyn,1
553,69781,11,224,20,1,0,0,647,70036,a,a,g,g,0.007258377,0.003640985,0.003198355,Q,R,nonsyn,1
561,42,133,4,69863,1,0,0,655,70042,t,t,c,c,0.005100719,0.002555609,0.001898861,C,R,nonsyn,1
563,53,206,5,69779,0,0,0,657,70043,t,t,c,c,0.007514793,0.003769113,0.00294105,C,C,syn,1
567,69793,5,178,67,1,0,0,661,70043,a,a,g,g,0.007118354,0.003569236,0.002541296,K,E,nonsyn,1
571,69933,1,110,10,0,0,0,665,70054,a,a,g,g,0.003449008,0.001727239,0.001570217,H,R,nonsyn,1
576,18,132,4,69874,0,0,0,670,70028,t,t,c,c,0.004389782,0.00219912,0.00188496,W,R,nonsyn,1
600,27,172,2,69789,0,0,0,694,69990,t,t,c,c,0.005729241,0.002871839,0.002457494,C,R,nonsyn,1
602,38,182,13,69749,0,0,0,696,69982,t,t,c,c,0.006640677,0.003329428,0.002600669,C,C,syn,1
605,69707,4,236,23,0,0,0,699,69970,a,a,g,g,0.007491892,0.003758754,0.003372874,A,A,syn,1
611,69721,7,169,15,1,0,0,705,69912,a,a,g,g,0.005450649,0.002732006,0.002417325,P,P,syn,1
617,27,135,5,69820,0,0,0,711,69987,t,t,c,c,0.004762746,0.002386157,0.00192893,Y,Y,syn,1